<?xml version="1.0" encoding="UTF-8"?>
<beans xmlns="http://www.springframework.org/schema/beans"
        xmlns:xsi="http://www.w3.org/2001/XMLSchema-instance"
        xmlns:context="http://www.springframework.org/schema/context"
        xsi:schemaLocation="http://www.springframework.org/schema/beans
  
http://www.springframework.org/schema/beans/spring-beans-2.5.xsd
  
http://www.springframework.org/schema/context
  
http://www.springframework.org/schema/context/spring-context-2.5.xsd">
  
    <context:annotation-config/>
    <context:component-scan base-package="com.test"/>
 
    <bean name="dataSource" class="org.springframework.jdbc.datasource.DriverManagerDataSource">
        <property name="driverClassName" value="org.hsqldb.jdbcDriver"/>
        <property name="url" value="jdbc:hsqldb:file:src/main/webapp/WEB-INF/db/testdb"/>
        <property name="username" value="sa"/>
        <property name="password" value=""/>
    </bean>
     
<!-- Used for Ibatis -->
    <bean id="sqlMapClient" class="org.springframework.orm.ibatis.SqlMapClientFactoryBean">
        <property name="configLocation" value="/WEB-INF/mapper-config.xml"/>
        <property name="dataSource" ref="dataSource"/>
        <property name="useTransactionAwareDataSource" value="true"/>
    </bean>
    <bean id="sqlMapClientTemplate" class="org.springframework.orm.ibatis.SqlMapClientTemplate">
        <property name="sqlMapClient" ref="sqlMapClient"/>
    </bean>
         
</beans>
