<!DOCTYPE log4j:configuration PUBLIC
  "-//APACHE//DTD LOG4J 1.2//EN" "http://logging.apache.org/log4j/1.2/apidocs/org/apache/log4j/xml/doc-files/log4j.dtd">
   
<log4j:configuration xmlns:log4j="http://jakarta.apache.org/log4j/">
    <appender name="CONSOLE" class="org.apache.log4j.ConsoleAppender">
        <param name="Target" value="System.out"/>
        <param name="Threshold" value="DEBUG" />
        <layout class="org.apache.log4j.PatternLayout">
            <param name="ConversionPattern" value="%d{HH:mm:ss,SSS} %-5p [%c] %m%n"/>
        </layout>
    </appender>
    <logger name="com.test" additivity="false">
        <level value="DEBUG"/>
        <appender-ref ref="CONSOLE"/> 
    </logger>
    <logger name="org.springframework.jdbc" additivity="false">
        <level value="DEBUG"/>
        <appender-ref ref="CONSOLE"/> 
    </logger>
    <root>
        <level value="ERROR"/>
        <appender-ref ref="CONSOLE"/>
    </root> 
</log4j:configuration>