<!DOCTYPE log4j:configuration PUBLIC
  "-//APACHE//DTD LOG4J 1.2//EN" "http://logging.apache.org/log4j/1.2/apidocs/org/apache/log4j/xml/doc-files/log4j.dtd">
   
<log4j:configuration xmlns:log4j="http://jakarta.apache.org/log4j/">
    
	<appender name="file" class="org.apache.log4j.FileAppender">
	   <param name="maxFileSize" value="1024KB" />
	   <param name="file" value="${user.home}/logs/jboss-custom-login.log" />
	   <layout class="org.apache.log4j.PatternLayout">
		<param name="ConversionPattern" 
			value="%d %-5p %c:%L - %m%n" />
	   </layout>
	</appender>
	    
    <logger name="com.test">
        <level value="DEBUG"/>
    </logger>
    <logger name="com.springframework">
        <level value="INFO"/>
    </logger>
    <logger name="org.hibernate.SQL">
        <level value="DEBUG"/>
    </logger>
    <root>
        <level value="ERROR"/>
        <appender-ref ref="file"/>
    </root> 
</log4j:configuration>